{
  "shuffle_0.3": {
    "raw_cos_sim_mean": [
      0.7656105339527131,
      0.8328472346067428,
      0.8369487702846528,
      0.8547841340303421,
      0.841466200351715,
      0.8309451311826705,
      0.7860974937677383,
      0.7609175384044647,
      0.7453483283519745,
      0.7289001941680908,
      0.7265015572309494,
      0.7281860023736954,
      0.7470445305109024,
      0.7438815355300903,
      0.750803092122078,
      0.74233677983284,
      0.7413862913846969,
      0.7784323036670685,
      0.8017940938472747,
      0.8163850873708725,
      0.809592780470848,
      0.8036948621273041,
      0.7891663640737534,
      0.755493426322937,
      0.6876749783754349
    ],
    "raw_cos_sim_std": [
      0.06393759047424186,
      0.047719199437318074,
      0.04496361454313608,
      0.039846006274058585,
      0.043625842097128685,
      0.044836157837994904,
      0.05804805417233499,
      0.06550897633381836,
      0.06887329715563653,
      0.07415855840801884,
      0.07579757002440748,
      0.07638436263038959,
      0.07125308021505566,
      0.07142327415352227,
      0.07331857254400123,
      0.07783045345631813,
      0.08014379641284404,
      0.07112398041716692,
      0.06711978766278855,
      0.06136077837068525,
      0.06526332954301685,
      0.06982458467736574,
      0.07569095125039342,
      0.07842029200610949,
      0.09443686032364762
    ],
    "adjusted_cos_sim_mean": [
      0.764098584651947,
      0.8221803635358811,
      0.8263597756624221,
      0.8438486307859421,
      0.8307370513677597,
      0.8205280214548111,
      0.775738650560379,
      0.751470148563385,
      0.7356549113988876,
      0.7197952181100845,
      0.7174550384283066,
      0.719333752989769,
      0.7380908012390137,
      0.7348837941884995,
      0.7409020900726319,
      0.7328867256641388,
      0.7317463248968125,
      0.7676477015018464,
      0.7909640461206436,
      0.8053111374378205,
      0.7985787332057953,
      0.792664298415184,
      0.7783585846424103,
      0.7449825197458267,
      0.6787817806005478
    ],
    "adjusted_cos_sim_std": [
      0.061269795709498955,
      0.04687015233172046,
      0.044263186736000076,
      0.03916036223766208,
      0.04284279482189316,
      0.044128842363544245,
      0.05733409556467852,
      0.06463236279131761,
      0.06795903386249223,
      0.07323401531630315,
      0.07468815062456963,
      0.07513936249855598,
      0.07003331340105079,
      0.07022772791235578,
      0.07247766550582549,
      0.07670053321463277,
      0.07928979156925972,
      0.07043578981480812,
      0.066243962033727,
      0.06084493754059664,
      0.06468129474761318,
      0.06912638849780149,
      0.07486233591799647,
      0.07742494620043087,
      0.09317189793546313
    ],
    "random_cos_sim_mean": [
      0.0018954474973725155,
      0.2385760188102722,
      0.36535822302103044,
      0.46378211081027987,
      0.4729920119047165,
      0.45201670229434965,
      0.35072501599788664,
      0.3169870123267174,
      0.31385604441165926,
      0.3111983209848404,
      0.31517403572797775,
      0.33856410533189774,
      0.3915158897638321,
      0.3911407247185707,
      0.4340525344014168,
      0.43541334122419356,
      0.44314253479242327,
      0.5075020611286163,
      0.572480633854866,
      0.6006112843751907,
      0.5967736691236496,
      0.6138823091983795,
      0.5875907778739929,
      0.5317577123641968,
      0.29506771415472033
    ],
    "cka_mean": [
      0.967644277215004,
      0.941328626871109,
      0.9018924593925476,
      0.8820069998502731,
      0.9420432060956955,
      0.9896821767091751,
      0.9999471753835678,
      0.999980241060257,
      0.9999767988920212,
      0.9999724954366684,
      0.9999585688114166,
      0.9999403804540634,
      0.9999337613582611,
      0.9999193549156189,
      0.9999005198478699,
      0.9998980969190597,
      0.9998718529939652,
      0.9998925000429153,
      0.9998669147491455,
      0.9998590826988221,
      0.9998662292957305,
      0.9998355567455292,
      0.9997778177261353,
      0.9979000657796859,
      0.6033432483673096
    ],
    "cka_std": [
      0.013696202321045493,
      0.027604778064948772,
      0.043938584194670685,
      0.05921937482796191,
      0.025041860614711562,
      0.0042731227190043325,
      1.9452036550236236e-05,
      9.833565190681334e-06,
      9.819453683776315e-06,
      1.1254210482040959e-05,
      1.7086406200321882e-05,
      2.38875225597194e-05,
      2.5577603198249815e-05,
      3.473956385395903e-05,
      4.904558334869753e-05,
      5.3136604033255536e-05,
      7.181622755017084e-05,
      7.002583771187228e-05,
      8.092785519156862e-05,
      8.272325833774906e-05,
      7.89812938799237e-05,
      9.148167385457091e-05,
      0.00012369603226481562,
      0.0009254452769510925,
      0.13213705210656967
    ],
    "n_layers": 25,
    "n_shuffled": 15089
  },
  "shuffle_0.5": {
    "raw_cos_sim_mean": [
      0.5813671916723251,
      0.7150056689977646,
      0.7241967707872391,
      0.7562426805496216,
      0.7404372602701187,
      0.7294329911470413,
      0.6663847982883453,
      0.6310821592807769,
      0.6144118517637253,
      0.5955503657460213,
      0.589887472987175,
      0.596992327272892,
      0.627608135342598,
      0.6247473120689392,
      0.6364278435707093,
      0.6280748218297958,
      0.630345705151558,
      0.6818829834461212,
      0.7167675852775574,
      0.7391076922416687,
      0.7325743407011032,
      0.7342705518007279,
      0.7203728437423706,
      0.6753938943147659,
      0.5648119077086449
    ],
    "raw_cos_sim_std": [
      0.0738369309797248,
      0.05083756465308999,
      0.049131135369349814,
      0.04562607720831681,
      0.0487844203470925,
      0.0511202124312552,
      0.06496520490496824,
      0.07192971298432599,
      0.07633867897679678,
      0.07969968100659648,
      0.08386571647239324,
      0.08317127667303369,
      0.07540678799254251,
      0.07438616285120077,
      0.0773550807989029,
      0.07949011271041624,
      0.07820152452244589,
      0.0702258488385289,
      0.06827511542749894,
      0.059991714471657374,
      0.06286363049094348,
      0.06303191091375225,
      0.07050234949639174,
      0.07722138646808158,
      0.09554201387360406
    ],
    "adjusted_cos_sim_mean": [
      0.5826994374394416,
      0.6908138215541839,
      0.6986721664667129,
      0.7292044371366501,
      0.713854992389679,
      0.7033232033252717,
      0.6425970733165741,
      0.6089373916387558,
      0.5916960895061493,
      0.5740901589393616,
      0.5705646634101867,
      0.5778565213084221,
      0.6051881521940231,
      0.602883580327034,
      0.6149798333644867,
      0.6063802748918533,
      0.6078249543905259,
      0.6568998903036117,
      0.6916013121604919,
      0.7124447852373124,
      0.7069164454936981,
      0.7088457584381104,
      0.6939867168664933,
      0.6501737356185913,
      0.5420069366693496
    ],
    "adjusted_cos_sim_std": [
      0.06841748215161937,
      0.04921458023656457,
      0.04740872227948361,
      0.04411265256315511,
      0.04679304382437114,
      0.04912201206453304,
      0.062493939499242604,
      0.0694156500929569,
      0.07398583212867621,
      0.07707838496306171,
      0.08045713153514228,
      0.0798385353779836,
      0.07316538841974701,
      0.0720258029156721,
      0.0748785065609416,
      0.07693785013166891,
      0.07576857186715681,
      0.06853685478446063,
      0.0662695717021982,
      0.05808031530229275,
      0.06084349481229323,
      0.06085182218817461,
      0.06875284699454447,
      0.0749886559328982,
      0.09341894601261129
    ],